{
    "Name": "Calamity Texture Pack",
    "Author": "Niorin",
    "Description": "Brings to your world the look and feel of the Calamity Mod.\n\nSpriters, Testers and Contributors: Ada, Aleksh, Altalyra, Beg, Ben / TK, Blanc, Cen, Chillynuts, Cooper, Daddy, Darkpuppey, Enreden, GramofSalt, Grimalinde, IbanPlay, JaceDaDorito, JustVera, LordMetarex, MarieArk, Nao, Niorin, Nitro, Potat, Runefield, Shucks, Skeletony, Sok, Swamon3, Tinymanx, V1tell, Vaikyia, Wiigirl and Xelo.\n\nThank you to all others who have helped and contributed to this pack!",
    "Version": {
        "major": 1,
        "minor": 41
    }
}
